source,target
0,812
0,804
0,518
0,568
0,183
0,352
1,755
1,733
1,580
1,244
1,636
2,162
2,954
3,548
3,897
3,629
3,756
3,738
4,151
4,402
5,945
5,730
5,628
6,881
6,792
6,788
6,701
7,56
7,732
7,479
7,201
7,818
8,979
8,729
8,369
8,680
8,775
8,583
9,430
9,3
9,803
9,392
9,93
9,644
9,245
9,604
10,942
10,682
10,623
10,711
10,628
11,488
11,857
11,262
12,290
12,197
12,7
12,447
12,596
13,980
13,543
14,832
14,265
15,889
15,58
15,671
15,261
15,766
15,605
16,603
16,144
16,827
16,406
17,310
17,874
17,945
17,117
17,705
18,750
18,753
18,789
18,902
18,292
19,461
19,678
19,501
19,962
20,800
20,732
21,755
21,440
21,565
21,424
21,75
22,96
22,992
22,157
22,113
23,25
23,279
23,459
23,543
23,28
23,786
23,346
24,484
24,911
24,229
24,36
24,286
24,786
24,378
25,679
25,289
25,695
25,812
25,607
25,999
25,61
26,583
26,416
26,318
26,45
26,70
27,778
27,279
27,867
28,249
28,386
28,173
28,22
29,291
29,606
29,849
29,166
30,458
30,529
30,747
30,412
30,371
30,987
30,261
30,319
30,0
31,670
31,640
31,946
31,364
31,938
31,685
31,659
31,602
31,264
31,140
31,516
32,507
32,726
32,196
32,100
33,285
33,590
33,605
33,139
33,989
33,572
34,670
34,149
34,872
34,435
34,373
34,210
35,246
35,215
35,911
35,698
35,31
35,82
35,692
35,822
36,696
36,398
36,462
36,406
37,643
38,621
38,952
38,56
38,338
39,608
39,299
39,859
40,667
40,38
41,870
41,251
41,939
41,362
41,313
41,185
42,157
42,102
42,156
42,446
42,396
42,801
42,906
42,385
42,845
42,493
43,533
43,288
43,139
43,361
43,893
43,851
43,947
43,927
44,649
44,280
44,920
44,787
44,719
44,837
44,226
44,970
44,106
44,753
45,454
45,25
45,140
45,136
45,624
46,589
46,652
46,957
46,302
46,295
47,189
47,301
47,270
47,619
47,603
47,605
47,317
48,105
48,306
48,874
48,787
48,376
48,925
48,271
49,825
49,852
49,421
49,385
49,856
49,858
49,113
50,77
50,493
50,796
50,139
50,55
50,638
50,3
51,760
51,549
51,237
51,669
51,678
52,626
52,21
52,384
53,889
53,242
53,730
53,613
53,243
53,609
53,517
54,438
54,330
54,838
54,33
54,246
55,876
55,938
55,254
55,21
55,601
55,672
55,94
56,668
56,995
56,189
56,661
57,31
57,884
57,938
57,998
58,652
58,526
58,895
58,503
59,262
59,655
60,909
60,913
60,967
60,386
60,70
60,682
60,203
61,822
61,985
62,861
62,66
62,287
62,758
63,380
63,925
63,946
63,793
63,986
63,531
63,562
64,347
64,357
64,279
64,324
65,70
65,107
65,589
65,54
65,96
65,463
65,387
65,241
65,705
65,390
65,139
65,299
66,193
66,858
66,569
66,902
67,399
67,17
67,780
67,810
67,936
67,867
67,121
68,544
68,156
68,568
68,663
68,35
69,981
69,350
69,740
69,262
69,163
70,865
70,740
70,519
70,657
70,654
71,611
71,763
71,154
71,772
71,294
71,423
71,312
72,930
72,17
72,478
73,762
73,300
73,712
73,49
73,756
73,268
73,811
74,324
74,898
74,413
74,803
74,576
74,122
75,632
75,104
76,409
76,282
76,158
76,768
76,67
76,359
76,399
77,104
77,230
77,184
77,651
77,384
77,76
77,346
77,460
78,943
78,170
78,179
78,288
78,32
78,610
78,296
79,194
79,169
79,11
79,316
79,580
80,4
80,47
80,177
81,391
81,777
81,861
82,315
82,618
82,156
82,964
82,303
83,991
83,824
83,136
83,768
83,875
83,228
84,809
84,523
84,392
84,676
84,85
84,475
84,638
84,774
84,219
85,882
85,255
85,257
85,620
85,251
85,385
85,349
85,782
86,274
86,352
86,620
86,256
86,93
86,717
86,984
86,766
86,419
86,264
87,553
87,486
87,989
87,748
88,921
88,875
88,438
88,730
88,34
88,898
88,812
89,548
89,815
89,927
89,677
90,443
90,449
90,341
90,162
90,403
91,935
91,373
91,365
91,981
91,257
91,101
91,996
91,580
92,860
92,833
92,877
92,946
92,524
92,445
93,989
93,271
93,205
94,794
94,821
94,841
94,288
94,635
94,280
94,53
94,255
95,671
95,138
95,207
95,986
95,435
95,641
96,472
96,682
96,330
97,482
98,238
98,635
98,230
98,56
98,469
98,22
98,539
98,706
99,206
99,839
99,370
100,1
100,391
101,638
101,196
101,135
101,561
101,131
102,426
102,614
102,643
102,758
102,645
103,608
103,79
103,900
104,985
104,706
105,600
105,636
105,760
105,554
105,180
105,589
106,579
106,542
106,907
106,161
107,104
107,477
107,333
107,618
108,867
108,874
108,721
108,268
108,185
108,472
108,681
109,744
109,794
109,894
109,127
109,402
110,601
110,221
110,865
110,793
110,291
110,64
110,389
110,615
110,34
111,732
111,780
111,65
111,615
112,50
112,411
112,565
112,410
113,138
113,405
113,441
113,681
113,241
113,169
114,681
114,10
114,377
114,987
114,133
114,127
114,641
114,653
115,247
115,277
116,31
116,838
116,505
117,618
117,126
117,963
118,347
118,791
118,376
118,572
118,886
118,789
119,872
119,819
119,977
119,400
119,346
119,598
120,83
120,687
120,886
120,712
120,883
120,992
120,397
120,238
120,348
120,133
121,27
121,433
122,991
122,64
122,183
122,413
123,557
123,30
123,130
123,630
123,645
124,52
124,326
124,684
124,608
124,893
124,563
125,909
125,869
125,975
125,503
125,946
125,148
125,881
125,362
125,848
126,558
126,97
126,603
126,506
126,609
126,341
126,654
127,487
127,398
127,461
127,800
128,982
128,697
128,446
128,237
129,483
129,768
129,164
129,818
129,463
129,611
129,371
130,763
130,788
130,825
130,946
130,512
130,347
131,664
131,549
131,271
131,468
131,100
131,415
131,970
132,190
132,390
132,376
133,596
133,451
133,741
133,999
133,693
134,666
134,753
134,392
134,266
134,144
135,160
135,649
135,238
135,982
136,979
136,800
136,851
136,796
136,383
137,974
137,33
137,486
137,829
137,157
137,431
137,147
137,729
137,565
138,215
138,599
138,410
141,891
141,144
141,107
142,476
142,966
142,694
142,45
142,589
143,798
143,654
143,608
143,832
143,890
143,386
143,688
143,460
144,799
144,378
144,82
145,444
145,298
145,730
146,725
146,385
146,686
146,346
147,441
147,347
147,562
147,530
147,258
148,251
148,21
148,963
148,629
149,655
149,338
149,300
149,891
149,217
149,705
150,693
150,970
150,569
150,677
150,59
151,436
151,633
151,108
151,256
151,551
151,622
152,769
152,365
152,618
152,624
152,115
152,171
152,622
153,38
153,474
153,561
153,908
153,470
154,67
154,508
155,461
155,699
156,316
156,413
156,381
157,443
157,690
157,538
158,641
158,732
158,872
159,203
159,35
159,475
159,171
159,905
159,629
159,364
159,424
159,605
160,410
160,429
160,795
160,97
160,424
160,761
160,651
161,342
161,944
161,499
161,650
161,645
161,585
161,845
161,534
162,564
162,477
162,336
162,540
162,67
162,245
162,324
163,371
163,270
163,618
164,648
164,25
165,588
165,145
165,641
165,899
165,549
165,27
165,657
166,471
166,577
166,702
166,738
166,74
167,817
167,351
167,275
167,419
167,478
167,169
167,99
168,383
168,534
168,762
168,456
168,161
169,662
169,876
169,188
169,260
169,676
170,81
170,17
170,715
170,745
170,902
170,71
171,831
171,395
172,412
172,528
172,266
172,959
172,163
172,494
173,879
173,629
173,868
173,242
173,149
174,987
174,934
175,15
175,578
175,97
175,874
175,172
175,667
175,395
175,429
175,945
176,402
176,4
176,352
177,4
177,751
177,868
177,826
177,103
177,603
177,547
178,42
178,56
178,29
178,676
178,65
178,490
179,374
179,105
179,535
179,626
179,52
179,513
180,575
180,194
180,321
181,877
181,355
181,0
181,780
181,617
181,656
181,710
182,502
182,230
182,165
182,879
182,624
182,648
182,448
183,323
183,847
183,74
183,454
184,64
184,248
184,570
184,38
184,436
184,576
184,503
185,493
185,278
185,428
185,982
185,756
185,909
186,806
186,431
186,358
186,257
186,695
187,100
187,333
187,640
187,410
187,426
187,233
187,87
187,85
187,22
187,814
187,421
188,333
188,499
188,656
188,783
188,527
188,509
188,247
189,943
189,352
189,283
190,83
190,838
190,892
190,840
190,982
190,289
190,851
191,52
191,787
191,928
191,912
191,239
191,667
192,940
192,964
192,144
192,426
192,635
193,440
193,245
193,95
193,41
193,177
193,316
193,564
193,126
193,632
194,900
194,868
194,82
194,158
195,324
195,606
195,25
196,681
196,597
196,220
196,414
196,294
196,163
196,864
197,67
197,117
197,873
198,250
198,376
198,97
198,658
198,744
198,898
198,6
198,528
198,417
198,665
199,128
199,624
199,658
199,731
199,876
199,479
199,453
200,594
200,370
200,148
201,214
201,633
201,697
201,902
201,687
201,567
201,254
201,557
203,361
203,825
203,507
203,612
203,443
203,18
204,522
204,247
204,461
204,440
204,683
204,955
204,446
204,847
206,264
206,430
206,523
206,578
207,921
207,277
207,804
207,95
207,873
207,883
207,312
207,581
207,632
207,453
208,94
208,299
208,319
209,668
209,267
209,201
209,272
210,999
210,751
210,697
210,386
210,478
211,685
211,924
211,759
211,435
212,93
212,996
212,483
212,159
212,753
212,678
212,134
213,411
213,92
213,206
213,755
215,125
215,811
215,684
215,391
215,27
215,686
216,650
216,946
216,255
216,89
216,134
216,688
216,779
217,727
217,992
217,681
217,109
217,453
218,66
218,343
218,355
218,728
218,396
219,781
219,223
219,410
220,209
220,639
220,885
220,705
220,66
221,35
221,985
221,261
221,747
222,204
222,971
222,943
223,359
223,798
223,982
224,557
224,443
224,604
224,89
225,662
225,64
226,913
226,655
226,364
226,281
226,12
226,186
227,80
227,394
227,910
227,375
227,829
227,512
227,760
228,256
228,104
228,867
228,736
229,976
229,231
229,618
229,721
229,924
229,421
229,92
229,332
229,769
230,678
230,554
230,217
230,302
230,795
231,316
231,916
231,901
232,583
232,470
232,647
232,143
232,675
232,959
232,42
233,959
233,739
233,511
233,867
234,204
234,912
234,960
234,168
234,273
235,886
235,176
235,878
236,283
236,557
236,202
236,723
236,919
237,821
237,208
237,183
237,638
238,932
238,817
238,490
238,597
238,837
238,497
238,369
238,993
238,840
239,283
239,682
239,247
239,744
239,399
239,732
239,516
240,298
240,866
241,993
241,956
241,0
241,271
241,644
241,358
242,182
242,318
242,138
242,112
243,241
243,694
243,898
243,291
243,843
243,396
243,546
244,348
244,183
244,674
244,195
244,285
244,546
244,499
245,362
245,30
246,228
246,304
246,634
246,415
246,273
246,434
247,502
247,1
247,852
247,359
247,714
248,884
248,593
248,980
248,696
248,771
248,784
249,848
249,305
249,370
249,98
249,645
249,31
249,391
249,646
250,359
250,174
250,645
250,507
250,55
250,257
250,123
251,397
251,724
251,869
252,909
252,194
252,524
252,81
252,371
253,95
253,371
253,884
253,828
253,53
254,826
254,920
254,489
255,368
255,929
255,665
256,814
256,382
256,372
256,143
256,365
256,402
256,825
256,646
257,159
257,303
257,854
258,320
258,636
258,373
258,281
258,225
258,585
259,785
259,719
259,156
259,524
259,565
259,612
259,881
260,788
260,594
261,3
261,154
262,493
262,812
262,219
262,260
262,80
264,579
264,458
264,411
264,475
265,62
265,772
265,476
265,687
265,80
266,659
266,904
266,286
266,748
266,368
267,538
267,863
267,923
267,356
267,430
267,521
267,176
267,998
267,227
268,202
268,575
268,924
268,965
269,377
269,485
269,596
269,834
269,55
270,670
270,177
270,501
270,507
270,692
271,702
271,771
271,933
271,422
272,57
272,597
272,800
272,749
272,911
272,17
272,758
273,361
274,122
274,898
274,975
274,837
274,840
274,981
275,522
275,815
275,949
275,391
275,685
276,292
276,45
276,4
276,83
276,265
276,698
276,399
276,789
276,749
276,134
277,54
277,196
277,376
277,658
277,841
278,418
278,369
278,332
278,45
279,225
279,354
279,779
280,993
280,790
280,145
281,467
281,20
281,468
281,626
282,89
282,438
282,459
282,821
282,539
282,297
283,95
284,996
284,826
284,762
284,658
285,590
285,496
285,492
285,316
285,752
285,438
286,174
287,574
287,515
287,433
288,720
288,884
288,315
289,189
289,681
289,853
290,102
290,139
290,203
290,112
290,801
290,905
290,92
291,992
293,404
293,235
293,784
293,220
293,516
294,340
294,775
294,577
294,891
294,545
295,316
295,715
295,60
295,455
295,386
296,815
297,107
297,699
297,424
297,790
297,720
297,45
298,238
298,938
298,442
299,599
299,962
299,238
299,680
299,812
299,887
299,672
300,135
300,477
300,349
301,406
301,850
301,289
301,369
301,876
302,440
302,428
302,153
302,941
302,175
302,577
302,223
303,160
303,445
303,16
303,430
303,243
304,674
304,555
304,132
304,35
304,372
304,805
304,249
304,354
304,949
305,535
305,552
305,926
306,865
307,560
307,987
307,180
307,657
307,255
307,768
307,87
308,938
309,177
309,232
309,881
309,732
309,429
309,94
309,636
309,457
309,570
310,386
310,165
310,57
310,313
310,459
310,83
311,28
311,687
311,718
311,698
311,309
311,301
311,16
311,590
311,708
312,146
312,542
312,568
312,209
312,438
312,226
312,59
313,153
313,200
313,499
314,87
314,875
314,694
314,753
314,962
314,185
314,22
315,847
315,284
315,33
316,65
316,320
316,402
316,687
316,655
317,7
317,503
317,844
317,79
317,738
317,871
318,203
318,41
318,794
319,806
319,210
319,932
319,581
319,960
319,441
319,777
319,328
319,988
319,130
319,543
320,637
320,12
320,792
321,249
321,122
321,795
322,923
322,588
322,841
322,400
322,381
322,430
322,902
323,665
323,484
323,424
323,768
323,598
323,626
323,661
324,434
324,233
324,641
324,906
324,850
324,940
324,400
325,748
325,177
325,554
325,842
326,136
326,119
326,343
326,62
326,205
327,933
327,445
327,560
328,672
328,248
328,590
329,481
329,150
329,583
330,758
330,856
330,855
330,652
330,19
331,813
331,423
332,188
332,631
332,388
333,557
333,502
333,188
333,897
333,902
334,358
334,900
334,408
334,623
334,186
334,764
335,495
335,431
335,211
335,786
336,503
337,688
337,653
337,232
337,343
338,342
338,972
338,855
338,469
338,569
338,365
338,725
338,621
339,730
339,893
339,464
339,211
339,759
339,17
340,750
340,875
341,846
341,187
342,441
342,258
342,89
342,860
342,589
342,327
342,936
343,827
343,31
343,956
343,69
343,322
343,752
344,517
344,69
344,490
344,77
344,705
344,155
345,618
345,26
345,857
345,590
346,369
346,371
346,936
346,655
347,143
347,216
347,928
347,65
347,375
347,128
347,458
348,738
348,336
349,977
349,857
349,994
349,932
349,715
349,505
349,823
350,551
350,542
350,409
351,198
351,649
351,831
352,172
352,783
352,107
352,598
352,120
353,284
353,938
353,199
353,731
353,241
353,925
354,57
354,427
355,492
355,85
355,179
356,129
356,813
356,883
356,252
356,513
356,316
356,52
356,207
356,916
357,430
357,109
357,519
357,525
357,246
357,227
357,800
357,416
357,232
358,509
358,943
358,815
358,798
358,397
359,731
359,51
359,172
359,69
359,379
359,367
359,693
360,318
360,782
360,144
360,975
360,548
360,654
360,408
360,341
360,285
360,434
361,542
361,168
361,598
361,799
361,882
361,305
361,440
361,520
362,282
362,121
362,310
362,280
363,8
363,507
363,420
363,155
363,435
364,606
364,920
364,398
365,857
365,90
366,923
366,77
366,175
366,872
367,482
367,154
367,30
367,613
367,596
367,965
367,849
368,222
368,226
368,870
368,725
369,709
369,67
369,963
370,109
370,144
371,17
371,765
371,953
371,947
372,40
372,51
372,546
372,760
372,761
372,483
373,27
373,821
373,477
373,812
373,722
373,959
373,712
373,537
374,663
374,441
374,218
374,681
374,351
374,650
374,16
374,574
374,763
374,371
375,720
375,56
375,813
376,556
377,194
377,616
377,92
377,77
378,188
378,517
378,888
378,554
378,430
378,744
379,65
379,541
379,833
379,877
380,68
380,595
381,52
381,838
381,982
381,151
382,808
382,606
384,914
384,572
385,626
385,470
385,236
385,541
385,448
386,486
386,453
386,199
386,601
386,797
387,246
387,5
387,547
387,46
388,749
388,218
388,73
388,412
388,999
389,999
389,628
389,128
389,482
389,865
389,630
389,202
390,501
390,755
390,665
390,464
390,534
390,203
390,797
391,985
391,967
391,970
391,485
391,70
391,141
391,208
391,215
391,806
392,82
392,798
392,799
392,30
392,952
393,45
393,641
393,273
393,320
393,687
394,74
394,285
394,245
394,238
395,647
395,178
396,13
396,528
396,671
396,867
396,555
397,579
397,947
397,946
397,412
397,15
398,479
398,293
398,142
398,781
398,573
398,601
398,133
398,543
398,353
398,644
399,922
399,403
399,506
400,863
400,795
400,242
400,506
400,35
401,282
401,151
401,345
401,933
402,243
402,392
402,298
402,535
403,142
403,544
403,953
403,412
404,891
404,821
404,653
404,613
404,633
404,317
405,417
405,444
405,94
406,392
406,788
406,111
406,545
407,667
407,137
407,724
408,160
408,323
408,141
408,68
408,175
408,636
408,163
409,122
409,447
409,689
409,583
410,866
410,124
410,118
410,879
410,349
410,773
411,84
411,615
411,661
411,121
411,400
412,447
412,546
412,22
413,22
413,435
413,952
414,955
414,984
414,549
415,916
415,65
415,867
415,105
416,493
416,147
416,620
416,265
416,352
416,357
417,437
417,98
418,497
418,0
418,9
419,918
419,97
419,722
419,877
420,23
420,747
420,688
420,477
420,918
420,890
420,831
420,784
421,395
422,408
422,903
422,464
423,71
423,657
423,884
423,661
423,994
423,7
423,462
423,888
424,787
425,526
425,251
425,813
425,988
425,808
426,593
426,915
426,301
426,179
427,8
428,28
428,425
428,967
428,955
428,496
428,217
428,470
428,768
429,243
429,801
429,771
430,85
430,159
430,74
430,585
430,639
430,3
431,230
431,74
431,760
431,745
431,130
432,950
432,526
432,916
432,0
432,583
433,402
433,468
433,704
433,810
433,633
433,743
433,384
434,663
434,398
434,910
435,678
435,645
435,838
435,158
436,361
436,694
436,518
436,881
437,380
437,542
437,406
437,844
438,406
438,907
438,813
439,580
439,746
439,592
440,18
440,880
440,703
440,754
440,609
440,947
441,643
441,129
441,906
442,409
442,306
442,904
442,199
442,879
443,481
443,602
443,661
443,470
444,659
444,438
444,130
445,217
445,680
445,880
445,99
445,194
445,619
445,213
445,340
446,959
446,947
446,212
446,156
446,537
446,421
446,782
446,414
447,741
447,488
447,412
447,235
447,672
447,240
447,479
448,612
448,713
448,30
448,86
448,906
448,212
448,821
449,988
449,626
449,399
449,958
449,649
449,681
450,19
450,850
451,838
451,476
451,829
451,663
451,5
451,712
452,137
452,996
452,46
452,693
452,36
452,709
453,429
453,679
453,20
455,85
455,673
455,244
456,170
456,957
456,991
456,219
456,539
456,127
456,101
457,889
457,435
457,818
457,921
458,281
458,127
458,831
458,669
458,263
458,413
458,410
458,475
458,548
459,468
459,9
460,513
460,511
460,15
461,978
461,277
461,235
461,418
462,238
462,939
462,917
462,493
463,147
463,368
463,731
464,111
464,798
464,897
464,691
465,148
465,511
465,462
465,496
465,91
466,80
466,484
466,75
466,907
466,255
466,635
466,733
467,909
467,939
467,874
468,834
468,778
468,21
468,967
469,382
469,215
469,372
469,115
469,577
469,258
469,481
469,800
470,773
470,603
470,509
471,550
471,768
471,300
471,801
471,989
471,230
471,656
472,987
472,719
472,671
473,268
473,976
473,771
473,429
473,104
474,839
474,970
474,828
474,865
475,643
475,405
475,402
475,763
475,462
476,32
476,328
476,810
476,936
476,7
476,338
476,42
476,989
477,149
477,272
477,205
477,144
477,325
477,523
478,121
478,448
478,984
478,886
478,331
478,135
478,638
479,267
479,383
479,536
479,253
480,65
480,739
480,998
480,75
480,812
480,262
480,126
481,299
481,725
481,512
481,588
481,992
481,699
481,874
481,69
481,126
482,707
482,167
482,91
482,640
482,727
482,589
482,407
482,145
483,866
483,890
483,580
483,377
483,974
483,435
484,197
484,790
484,144
484,672
484,156
484,565
484,907
484,65
485,720
485,75
485,332
485,342
485,217
485,114
485,258
486,156
486,123
486,856
486,787
486,275
486,386
486,300
487,480
487,374
487,211
487,808
487,207
488,948
488,666
488,72
488,205
488,491
488,28
488,979
488,906
489,132
489,911
489,375
489,339
489,866
489,936
489,652
489,185
490,407
490,845
490,459
490,526
490,279
490,989
491,931
491,140
491,60
491,770
491,788
491,959
491,52
492,331
492,708
492,821
492,99
492,131
492,678
492,960
492,258
492,306
493,471
493,412
493,870
493,822
493,730
494,509
494,818
494,731
494,471
494,735
496,732
496,514
496,294
496,211
496,461
496,341
496,601
497,466
497,554
497,254
497,193
498,597
498,808
498,700
498,390
499,210
499,332
499,937
499,439
499,468
500,172
500,640
500,709
500,267
501,953
501,563
501,358
501,64
501,50
502,394
502,182
502,734
502,507
502,703
502,721
503,629
503,114
503,99
503,879
503,662
503,692
504,646
504,737
504,132
504,555
504,162
505,918
505,271
505,526
505,900
505,893
505,722
505,501
505,296
505,384
505,414
505,889
505,797
506,462
506,510
506,657
506,586
506,360
506,48
507,37
507,317
507,707
507,360
508,196
508,8
508,319
508,502
508,916
508,3
508,153
508,390
508,258
509,700
509,638
509,502
509,880
509,585
509,730
509,247
509,398
510,159
510,542
510,276
510,980
510,729
510,358
510,699
511,843
511,450
511,745
511,984
511,399
512,9
512,684
512,323
512,860
512,587
513,276
513,216
513,7
513,28
513,834
514,282
514,155
514,171
514,684
514,374
515,921
515,287
515,432
515,249
515,436
515,782
515,35
516,170
516,794
516,968
516,433
516,395
516,681
516,244
516,329
517,24
517,762
517,653
517,41
517,389
517,851
517,439
517,181
517,868
518,492
518,495
518,416
518,47
518,271
518,635
518,745
519,93
519,408
519,817
519,861
519,33
520,394
520,190
520,524
521,215
521,319
521,571
521,509
522,14
523,470
523,227
523,132
523,867
523,304
523,135
523,764
523,708
523,572
523,889
524,369
524,155
524,600
525,442
525,566
525,171
525,861
526,684
526,514
526,803
526,869
526,196
526,162
526,340
527,847
527,773
527,727
527,176
527,748
528,998
528,685
528,736
529,894
529,45
529,873
529,5
529,103
529,378
529,830
529,655
530,367
530,323
530,877
530,854
530,467
531,490
531,199
531,764
531,889
531,923
531,335
531,57
532,29
532,531
532,540
534,160
534,569
534,974
534,161
534,649
534,305
534,188
535,899
535,656
536,745
536,373
536,750
536,194
536,968
536,483
537,522
537,364
537,116
537,733
538,527
538,548
538,180
538,271
538,324
538,201
538,854
538,793
539,637
539,304
539,361
539,440
539,658
540,237
540,618
540,70
540,559
541,245
541,834
541,671
541,909
541,42
542,320
542,216
542,127
542,319
542,654
543,174
543,379
543,719
543,270
544,407
544,201
544,727
544,925
544,933
544,721
545,897
545,126
545,111
546,592
546,158
546,70
546,880
546,57
547,688
547,507
547,274
548,684
548,732
548,112
548,792
549,24
549,123
549,786
549,744
549,481
549,523
550,758
550,798
551,256
551,854
551,106
552,601
552,538
552,357
552,489
552,955
552,105
552,200
552,146
553,290
553,790
554,75
554,200
554,531
554,804
554,104
555,71
555,399
555,743
555,890
555,103
555,591
555,483
555,59
556,856
556,256
556,661
556,854
556,891
556,836
557,616
557,894
557,150
557,391
557,910
558,756
558,540
558,752
558,211
559,759
559,571
559,338
559,241
559,393
559,613
560,862
560,596
560,455
560,851
560,762
561,663
562,88
562,490
562,388
562,65
562,221
563,783
563,29
563,286
563,448
563,818
563,292
564,842
564,933
564,737
564,725
564,862
564,377
564,213
564,877
565,938
565,483
565,381
566,525
566,978
566,614
566,70
566,196
566,799
566,84
567,542
567,632
567,713
568,490
568,689
569,362
570,642
570,305
570,841
571,636
571,485
571,423
572,424
572,273
572,325
573,733
573,148
573,84
573,481
573,137
574,418
574,533
574,494
574,904
574,426
575,629
575,920
575,90
575,222
575,15
576,130
576,919
576,290
577,220
577,363
577,273
578,229
578,716
578,658
578,63
578,305
578,660
578,473
578,823
579,266
579,405
580,729
580,169
580,198
580,960
580,921
580,340
581,567
581,868
581,13
581,513
581,189
581,36
582,723
582,856
582,719
582,765
582,95
582,213
583,802
583,95
583,559
583,93
583,184
583,857
584,305
584,103
585,63
585,468
585,603
585,243
585,838
585,390
586,680
586,203
586,66
586,553
587,510
587,607
587,268
587,834
588,557
588,536
588,898
588,738
589,901
589,764
589,974
589,81
589,318
590,775
590,232
590,632
590,892
590,640
590,537
590,740
590,286
591,342
591,844
591,185
592,908
592,861
592,177
592,674
592,804
592,190
592,471
592,750
592,394
592,442
592,620
593,996
593,16
593,505
593,643
594,184
594,623
595,19
595,590
595,395
595,278
596,380
596,754
596,486
596,308
596,216
596,540
596,953
597,451
597,148
597,550
597,717
597,598
597,452
598,164
598,408
598,352
599,746
599,180
599,743
600,151
600,287
600,32
600,733
600,801
600,741
600,493
601,611
601,24
601,584
601,462
601,863
601,347
601,686
602,128
602,55
602,921
602,542
602,878
602,990
602,429
603,581
603,724
603,359
603,616
603,137
603,652
603,639
603,862
604,461
604,286
604,877
605,800
605,247
605,125
605,105
606,679
606,304
606,188
606,462
607,214
607,879
607,263
607,541
607,283
607,598
608,497
608,873
608,800
609,899
609,243
609,632
609,621
609,678
609,461
609,807
610,429
610,127
610,59
610,589
610,647
611,548
611,894
611,722
611,727
611,55
611,436
611,382
612,816
612,789
612,643
612,593
612,800
613,850
613,686
613,436
613,158
614,984
614,412
614,446
614,413
616,585
616,853
616,943
616,999
616,705
616,272
616,694
616,838
616,275
616,942
617,363
617,927
617,107
617,567
618,434
618,697
618,289
618,952
618,225
619,882
619,908
619,666
619,743
619,235
620,284
620,523
620,194
621,864
621,589
621,872
621,107
621,232
621,558
621,628
621,328
621,375
621,855
621,399
621,456
622,480
622,245
622,29
622,190
622,547
622,958
622,214
622,998
623,235
623,415
623,915
624,574
624,507
624,908
625,93
625,611
625,952
625,244
625,505
625,176
626,276
626,35
626,20
627,433
628,788
628,467
628,648
628,146
628,798
628,65
629,781
629,91
629,0
630,35
630,41
630,641
631,224
631,734
631,551
631,521
631,253
631,506
632,151
633,205
633,634
633,754
634,270
634,724
635,320
635,469
635,543
635,770
635,67
636,733
636,202
636,783
636,434
636,956
637,927
637,477
637,145
637,228
638,125
638,552
638,446
638,394
638,525
638,108
638,499
638,135
638,49
639,89
639,459
639,901
639,15
639,748
640,715
640,391
640,714
640,847
640,393
640,280
641,137
641,60
641,118
641,803
642,147
642,213
642,714
642,350
643,842
643,780
643,728
643,974
643,789
643,268
644,477
644,589
644,262
644,642
644,884
644,78
645,65
645,91
645,922
646,50
646,132
646,603
646,56
646,307
647,31
647,372
647,972
648,470
648,132
648,736
648,14
649,284
649,944
649,872
649,823
649,196
650,713
650,382
650,715
650,974
650,869
650,87
650,773
651,714
651,221
651,270
651,693
651,0
651,498
651,531
651,462
652,332
652,201
652,309
652,938
652,145
653,175
653,340
653,443
653,951
654,780
654,969
654,529
654,23
654,533
654,356
654,832
654,761
655,937
655,778
656,568
656,951
656,161
656,643
656,110
657,12
657,648
657,10
657,836
657,55
657,453
658,650
658,441
658,517
658,795
658,271
658,555
659,5
659,838
659,83
659,217
659,57
659,168
659,236
659,188
659,977
660,441
660,936
660,434
660,640
660,812
660,549
660,156
661,61
661,491
661,565
661,311
661,488
661,628
662,999
663,571
663,236
663,95
663,344
663,822
664,974
664,303
664,574
665,178
665,671
665,943
665,814
665,197
665,604
665,607
665,138
665,485
665,595
666,878
666,932
666,166
666,303
666,472
666,230
667,898
667,176
667,127
667,460
668,350
668,803
668,685
668,883
668,330
668,731
668,678
668,553
669,185
669,106
669,424
669,604
669,646
669,618
669,830
670,882
670,159
670,865
670,388
670,497
671,658
671,175
671,774
671,77
671,481
671,632
672,168
672,474
672,711
673,553
673,676
673,584
673,977
673,524
673,716
673,319
673,586
674,527
674,576
674,874
674,143
674,438
674,818
675,181
675,340
675,910
676,471
676,421
676,999
677,109
677,836
677,192
677,785
677,775
677,540
678,69
678,114
678,859
679,171
679,249
679,235
679,322
680,302
680,641
680,118
680,689
681,699
681,442
681,812
681,217
681,688
682,315
682,603
682,439
682,333
682,657
682,427
682,563
682,191
682,512
683,919
683,466
683,621
683,78
683,504
683,630
683,97
684,601
684,890
684,794
684,699
684,657
684,650
685,471
685,536
685,311
685,808
685,657
685,11
685,868
686,366
686,21
686,784
686,390
686,518
687,614
687,303
687,342
688,518
688,1
688,955
688,75
689,977
689,322
689,829
689,95
690,48
690,682
690,842
690,466
691,863
691,81
691,150
691,818
692,219
692,667
692,858
692,560
692,958
692,432
692,77
693,77
693,679
693,795
693,271
694,337
695,820
695,874
695,485
695,50
696,338
696,150
696,406
696,405
696,486
696,250
697,853
697,437
697,232
697,733
698,267
698,261
698,161
698,254
698,442
699,682
699,164
699,872
699,305
699,592
699,701
699,639
700,85
700,862
700,186
700,154
701,745
701,665
702,851
702,251
702,46
702,889
703,599
703,448
703,940
703,175
703,150
703,771
703,365
704,714
705,836
705,609
706,212
706,60
706,372
706,425
707,899
707,213
707,465
707,195
707,871
708,635
708,986
708,907
709,246
709,118
709,669
709,615
709,633
709,363
709,989
709,755
709,372
710,810
710,734
710,935
710,801
710,365
710,651
710,137
710,101
710,996
711,408
711,820
711,379
711,673
711,15
711,359
711,867
712,720
712,27
712,839
712,464
712,85
712,374
712,230
712,969
713,164
713,59
713,721
713,119
713,912
713,811
713,221
713,388
713,486
713,698
714,961
714,505
715,443
715,786
715,288
715,258
715,64
715,415
715,412
715,97
716,401
716,780
716,575
716,366
716,33
716,58
716,207
717,546
717,948
717,461
717,567
717,129
718,81
718,692
718,609
718,196
718,977
718,47
718,378
719,211
720,431
720,43
720,490
720,131
721,923
721,402
721,957
721,436
721,787
721,200
721,887
722,492
722,43
722,325
722,748
723,679
723,66
723,773
723,242
723,254
723,599
724,99
724,643
724,123
724,609
724,227
724,864
725,590
725,51
725,900
725,477
725,451
726,565
726,572
726,271
726,321
726,594
727,252
727,362
727,156
728,439
728,407
729,162
729,203
729,987
730,756
730,675
730,946
731,530
731,415
731,283
731,605
732,567
732,613
732,26
732,768
732,786
732,873
733,960
733,931
733,56
733,469
733,346
733,466
733,894
733,475
734,717
734,224
734,672
734,109
734,757
734,697
734,647
734,204
734,639
735,572
735,350
735,478
735,960
736,371
736,336
736,278
737,643
737,69
737,692
738,591
738,551
738,645
738,206
738,727
738,846
738,686
738,379
739,362
739,60
739,441
739,746
739,387
740,610
740,127
740,588
740,834
740,238
740,198
740,970
741,308
741,137
741,733
741,622
741,938
741,311
742,66
742,62
743,209
743,974
743,850
743,633
743,46
743,313
744,555
744,784
744,11
744,662
744,75
744,956
744,848
744,455
744,309
745,328
745,626
745,789
745,829
745,735
745,774
745,956
746,430
746,424
746,454
746,703
746,261
746,3
746,699
747,696
747,10
747,912
747,283
747,329
747,605
748,825
748,454
748,502
748,189
748,65
748,218
749,49
749,266
749,72
749,239
749,21
749,4
750,831
750,199
751,394
751,537
751,489
751,286
751,673
752,67
752,80
753,787
753,916
753,517
753,960
753,482
754,637
754,869
754,340
754,559
754,683
754,262
754,706
754,116
754,703
755,227
755,346
755,297
755,304
755,158
756,585
756,905
756,119
757,98
757,161
757,531
757,184
757,752
757,880
757,366
757,549
758,358
758,98
758,188
758,884
758,909
758,25
758,626
758,250
758,680
759,823
759,568
759,227
759,123
759,802
759,413
760,816
760,330
761,473
761,853
761,357
761,599
762,330
762,4
762,213
762,815
762,382
762,490
763,798
763,714
763,969
764,165
764,365
764,63
765,226
765,702
765,517
765,464
766,379
766,197
766,537
767,33
767,186
767,566
767,239
768,61
768,721
768,754
768,665
769,29
769,752
769,683
769,128
769,295
770,739
770,837
770,699
770,858
770,902
770,530
770,475
771,386
771,929
771,958
771,215
771,946
771,554
771,933
772,775
772,825
772,468
772,407
773,630
773,244
773,119
774,785
774,711
774,934
774,337
775,499
775,835
775,74
775,100
775,17
775,762
775,220
776,290
776,95
776,150
776,152
777,645
777,463
777,267
777,547
777,668
777,700
778,93
778,995
778,549
778,924
778,999
778,416
778,194
778,847
779,848
779,845
779,72
780,162
780,917
780,910
780,192
780,462
781,641
781,89
781,776
781,658
781,538
782,623
782,235
782,714
782,468
783,271
784,126
784,19
784,217
784,770
784,328
784,31
784,389
784,864
785,246
785,542
785,219
785,927
785,762
786,59
786,254
786,397
786,174
786,179
786,279
786,537
786,586
786,154
786,689
787,141
787,944
787,989
787,427
787,609
787,113
788,31
788,578
788,556
788,107
788,293
788,419
788,389
789,64
789,21
789,307
789,849
789,252
790,988
790,992
790,677
790,423
790,497
791,606
791,954
791,313
791,91
791,806
791,634
791,839
792,393
792,721
792,930
792,52
792,243
793,374
793,751
793,965
793,693
793,794
793,305
794,64
794,391
794,947
794,709
794,219
794,649
795,587
795,935
795,753
795,602
795,430
795,455
795,381
795,647
796,206
796,617
796,671
796,114
796,521
796,157
797,465
797,980
798,719
798,682
798,435
798,329
798,989
798,551
798,546
798,328
799,158
799,818
799,890
799,279
800,889
801,927
801,102
801,19
801,408
801,560
801,203
801,418
802,992
802,887
802,586
802,944
802,585
802,970
802,71
803,726
803,441
803,661
803,684
803,908
803,188
803,159
803,576
804,868
804,713
804,445
804,766
805,935
805,183
805,767
805,252
805,24
805,726
805,160
805,155
805,420
806,795
806,294
806,829
806,382
806,920
806,183
806,503
807,935
807,593
807,795
807,414
807,821
807,984
807,571
808,12
808,285
808,87
808,78
809,722
809,355
810,788
810,15
810,834
811,12
811,530
813,336
813,898
813,573
813,265
814,609
814,739
815,131
815,121
815,197
815,757
815,960
816,803
816,331
816,116
817,246
817,264
817,930
817,671
817,838
817,691
818,207
818,229
818,341
818,795
819,788
819,233
819,949
819,447
819,322
819,324
819,83
819,129
820,227
820,65
820,768
820,625
820,212
820,651
820,997
820,228
820,702
821,244
821,756
821,249
821,982
821,657
821,969
822,262
822,863
822,798
822,988
822,989
822,230
822,688
822,571
823,737
823,877
823,699
823,627
823,223
824,400
824,313
824,515
824,716
824,257
824,95
824,500
825,842
825,539
825,75
825,671
825,13
825,705
826,123
826,172
826,154
826,43
827,933
827,27
827,258
828,531
828,577
828,248
828,529
828,797
828,868
829,764
829,591
829,847
829,974
829,989
830,471
830,339
830,398
830,571
831,651
831,755
831,985
832,818
832,296
832,445
832,320
832,783
833,111
833,459
833,150
833,341
833,867
833,201
833,368
834,949
834,262
834,527
834,307
834,393
834,706
835,523
835,538
835,191
835,30
835,119
836,673
836,996
836,998
836,602
836,324
836,344
837,729
837,760
837,464
837,832
838,737
838,923
838,447
839,860
839,940
839,262
840,105
840,509
840,464
840,691
840,838
841,854
841,876
841,966
841,920
842,813
842,782
842,93
842,902
842,989
842,262
843,856
843,250
843,791
843,339
843,714
844,435
844,301
844,90
844,700
844,692
845,425
845,881
845,921
846,104
846,670
846,346
846,58
846,438
847,21
847,601
847,394
847,839
847,14
847,351
848,29
848,480
848,292
848,620
848,830
848,83
848,404
848,661
848,553
848,992
849,666
849,180
849,318
850,650
850,156
850,911
851,398
851,515
851,540
851,296
852,366
852,113
852,567
852,892
852,251
852,971
852,106
852,902
853,195
853,456
853,146
853,426
854,117
854,430
854,698
854,916
854,304
854,139
855,815
855,453
855,444
855,667
855,992
856,164
856,4
856,839
856,528
856,14
856,421
856,562
856,838
857,953
857,140
857,844
858,647
858,545
858,853
858,369
859,218
859,848
859,498
859,33
860,329
860,544
860,339
860,490
860,605
860,676
860,928
860,108
861,85
861,281
861,484
861,801
862,999
862,485
862,716
862,136
862,116
862,894
862,387
863,854
863,994
863,45
863,147
863,385
864,641
864,675
864,102
864,592
864,980
864,463
865,836
865,690
865,338
865,536
865,868
865,680
865,310
865,845
865,531
865,974
866,978
866,352
866,440
866,782
866,558
866,979
867,939
867,147
867,914
868,318
868,733
868,427
869,702
869,962
869,261
869,40
869,615
869,71
869,865
870,140
870,668
870,535
870,468
870,657
870,404
870,867
870,882
870,458
870,106
870,767
871,980
871,147
871,204
871,153
871,768
871,872
872,679
872,502
872,753
872,87
872,44
873,179
873,778
873,758
873,298
874,600
874,211
874,268
874,785
874,913
875,472
875,561
876,27
876,211
876,239
877,781
877,440
877,443
877,253
878,79
878,738
878,981
878,661
879,64
879,420
880,312
881,425
881,257
881,62
881,787
881,837
881,346
882,242
882,501
882,12
882,866
882,166
882,314
883,185
883,662
883,208
883,955
884,30
884,394
884,352
884,570
885,752
885,911
885,155
885,949
885,671
885,418
885,193
885,708
886,539
886,763
886,290
887,256
887,967
887,422
887,874
888,202
888,768
889,149
889,9
889,244
889,450
889,880
889,393
890,271
890,397
890,381
891,823
891,751
891,560
891,508
891,670
892,238
892,815
892,57
892,79
892,570
892,841
893,991
893,391
893,723
893,383
893,664
894,305
894,498
894,897
894,406
894,616
894,66
895,741
895,792
895,939
895,283
895,957
895,687
895,400
896,137
896,250
896,996
896,166
897,819
897,657
897,313
897,300
897,708
897,736
898,317
898,10
898,951
898,93
898,974
898,547
898,928
899,600
899,35
899,571
899,711
899,254
899,22
900,544
900,633
900,702
900,70
901,645
901,848
901,935
901,914
901,270
902,356
902,265
902,424
902,923
902,876
903,415
903,569
903,804
903,608
904,803
904,100
904,342
904,409
904,858
904,84
904,743
905,580
905,632
905,755
905,672
905,448
906,674
906,342
906,252
907,927
907,224
907,344
907,670
907,845
907,42
907,350
907,268
908,969
908,869
908,387
908,505
909,152
909,925
909,632
909,995
909,345
910,16
910,341
910,668
910,177
911,915
911,466
911,72
912,728
912,360
912,275
913,633
913,23
913,765
913,574
913,339
913,488
914,79
914,831
915,711
915,57
915,664
915,761
915,407
916,793
916,934
916,467
916,777
917,765
917,587
918,65
919,58
919,424
919,442
919,313
919,845
919,861
920,940
920,831
920,360
920,976
920,514
921,345
921,123
921,803
921,672
922,957
922,616
923,295
923,577
923,640
923,485
923,224
923,934
924,641
924,249
924,172
925,210
925,544
925,173
925,526
925,590
925,647
925,455
926,252
926,913
926,447
926,610
927,406
927,799
927,497
928,651
928,772
929,342
929,660
929,906
929,256
929,922
929,765
929,568
929,881
930,924
931,759
931,635
931,250
932,42
932,976
933,780
933,23
933,747
933,555
934,943
934,587
935,439
935,67
935,13
935,286
935,302
935,38
936,73
936,540
936,957
936,786
936,414
936,86
936,940
937,656
937,461
937,620
938,562
938,767
938,325
938,28
938,77
938,906
938,547
939,874
939,918
939,33
939,241
939,958
940,920
940,251
940,241
940,488
940,678
941,216
941,766
941,227
941,53
942,316
942,513
942,571
942,582
942,58
942,794
942,67
942,55
942,323
943,49
943,426
943,579
943,338
944,363
944,894
944,910
944,951
944,82
944,714
944,511
945,545
945,223
945,37
946,259
946,351
946,934
947,182
947,725
947,514
947,91
947,271
948,871
948,576
948,227
948,53
948,819
948,879
948,10
949,623
949,586
949,819
949,733
949,448
949,809
949,950
950,206
950,372
950,115
950,868
951,762
951,376
951,779
951,10
952,945
952,806
952,838
953,630
953,847
953,651
954,706
954,794
954,719
954,844
954,103
954,585
955,613
955,257
955,181
955,773
955,289
955,6
955,986
955,186
956,543
956,885
956,266
957,191
957,4
957,721
957,284
957,110
958,323
958,461
958,693
958,630
958,837
959,518
959,674
959,856
959,423
959,629
959,395
960,569
960,979
960,94
960,44
960,680
960,221
960,757
961,766
961,327
961,104
962,469
962,832
962,144
963,575
963,369
963,62
963,663
963,814
963,320
964,999
964,201
964,124
964,608
964,794
965,224
965,945
965,87
966,969
966,962
966,332
967,425
967,866
967,400
967,486
967,467
967,375
967,101
967,91
968,441
968,624
968,128
968,452
968,913
968,22
968,210
968,771
969,145
969,63
969,6
969,369
969,814
970,525
970,751
970,704
970,250
970,682
970,264
970,980
970,493
971,37
971,445
972,293
972,632
972,621
972,216
972,966
972,957
973,375
973,577
973,917
973,362
973,202
973,918
973,843
974,775
974,403
974,971
974,516
974,993
975,534
975,514
975,285
975,126
976,938
976,240
976,795
976,439
976,946
976,586
976,745
976,299
976,624
976,762
977,325
977,589
977,678
977,388
978,833
978,992
978,251
978,132
978,337
979,830
980,544
980,529
980,690
980,998
980,956
980,381
981,914
981,387
981,962
981,459
981,441
981,643
981,744
982,684
982,355
982,316
983,911
983,574
983,399
983,573
983,703
983,470
983,571
983,434
983,757
984,674
984,732
984,362
984,235
985,744
985,373
985,607
985,49
985,789
985,567
985,219
985,826
986,460
986,302
986,34
986,896
986,580
986,705
986,82
986,194
986,523
986,606
987,712
987,384
987,83
987,44
987,484
987,735
987,863
987,676
988,731
988,305
988,941
988,0
988,445
989,152
989,651
989,310
989,631
989,643
989,326
990,47
990,30
990,860
990,458
990,530
990,755
991,953
991,46
991,720
991,480
991,497
991,395
992,145
992,796
992,301
992,37
992,414
992,745
992,245
993,714
993,26
993,245
993,50
993,254
993,613
993,683
993,929
993,368
993,994
994,210
994,915
994,109
994,708
995,260
995,632
996,322
996,223
996,814
996,566
996,793
997,344
997,31
997,789
997,292
997,775
998,432
998,504
998,923
999,522
999,427
